c,cpp,haskell,java,python,cython
293120.000000,653548.000000,1970243.625000,1569735.125000
547858.125000,816467.687500,1241249.750000,1684788.000000
233602.875000,751940.875000,1508536.500000,900628.000000
84164.000000,171816.000000,718834.875000,444148.843750
627867.375000,1027188.000000,2314498.750000,2187462.500000
60870.164062,57662.699219,58042.875000,378941.093750
