c,cpp,haskell,java,python,cython
1774.873047,1866.358398,1722.756470,1652.006836,1450.614990,1450.614990
2804.148926,3077.371582,1755.912964,5913.246094,2289.331543,2289.331543
3897.000000,4673.242676,2111.288574,4274.000000,1599.969238,1599.969238
511.809998,360.000000,805.996216,496.521667,485.029999,485.029999
3469.884277,3381.000000,1608.470215,5520.092773,2075.673584,2075.673584
161.567566,247.493011,246.979080,707.035645,325.864868,325.864868
