c,cpp,haskell,java,python,cython
0.143500,0.445000,0.886316,7.177243,4.374151,1.332152
12.299052,24.292690,24.203312,48.697151,88.355125,9.227868
1645.103271,1590.705078,2332.761963,1423.819824,17859.982422,264202.062500
0.727300,0.904000,0.296109,34.652885,3.064780,0.236244
9.901203,23.157198,45.982105,35.287903,337.626251,34.953541
0.175800,1972.439087,0.018929,10.485411,10.746917,0.021299
