c,cpp,haskell,java,python,cython
2.809999,9.259998,24.992952,32.421444
5.083439,11.865376,16.248091,34.654160
3.459884,19.351927,27.820349,18.190002
0.770000,2.220000,10.217599,9.369600
6.838119,15.300000,32.270592,45.223442
0.814499,15744.711914,50161.664062,7.542276
